CarNumber,SURNAME
Y163O8161RUS,REYES
E432XX77RUS,ROGERS
7184TT36RUS,MORALES
X582HE161RUS,ANDERSON
E34877152RUS,LONG
92918M178RUS,HILL
E53488152RUS,MYERS
X4128H125RUS,WOOD
C593EY154RUS,RICHARDSON
8049HT125RUS,REED
H234YH197RUS,ORTIZ
E40577152RUS,KIM
707987163RUS,NELSON
K330T8197RUS,LONG
X786CO96RUS,YOUNG
C477M7161RUS,SCOTT
O21997197RUS,MURPHY
M592CH197RUS,DAVIS
9020YC197RUS,ROBERTS
8182XX154RUS,MORALES
7830C8197RUS,JOHNSON
9408H7178RUS,BAILEY
7066C8197RUS,COX
M298CH161RUS,RAMIREZ
M0299X197RUS,MARTIN
M268CH197RUS,MORALES
E445TC197RUS,WOOD
8440XX154RUS,LONG
9371CE154RUS,MILLER
9182CE154RUS,BAILEY
8601XX154RUS,ROSS
X286TC36RUS,HILL
83298C154RUS,TURNER
Y7659C197RUS,HARRIS
C922YE197RUS,CASTILLO
9935TE152RUS,SANCHEZ
7364C8197RUS,COLLINS
M375CH197RUS,BAKER
M5039X197RUS,SCOTT
8603T8154RUS,TORRES
83218C154RUS,GONZALEZ
9499KX178RUS,BROWN
92928M178RUS,ROSS
H232YH197RUS,NAME
O672E8197RUS,BAILEY
E42277152RUS,PRICE
X767HY197RUS,MORGAN
C903MC161RUS,WRIGHT
T7318T163RUS,ANDERSON
Y7719C197RUS,ROBERTS
T011MY163RUS,GREEN
H115YO163RUS,GREEN
C420X938RUS,ROBERTS
934497178RUS,FOSTER
X765HY197RUS,HALL
73467Y96RUS,TORRES
T6488M116RUS,HALL
O134HE197RUS,ORTIZ
H968HY161RUS,FOSTER
Y654E8750RUS,ROGERS
H963HY161RUS,MILLER
7843C8197RUS,PEREZ
X791O796RUS,RAMOS
Y359O8197RUS,HARRIS
H958HY161RUS,BROOKS
X761HY197RUS,MORRIS
708587163RUS,MARTIN
Y358O8197RUS,WATSON
Y973O8197RUS,FLORES
9677MO178RUS,FOSTER
97977H178RUS,PARKER
H917TC36RUS,FOSTER
7361C8197RUS,WALKER
Y357O8197RUS,RODRIGUEZ
Y7709C197RUS,LEWIS
E42377152RUS,JAMES
8513XX154RUS,BAILEY
T6418M116RUS,KELLY
T870X7163RUS,COX
8818C877RUS,JAMES
T395OT197RUS,WILLIAMS
K327T8197RUS,ANDERSON
8311XX154RUS,HERNANDEZ
X423MK197RUS,MARTIN
96429X178RUS,WILLIAMS
O275O7161RUS,MORGAN
7789KT197RUS,COOK
7248C8197RUS,WRIGHT
O83697197RUS,ADAMS
E28877161RUS,MARTINEZ
T6068M116RUS,ADAMS
9498KX178RUS,GOMEZ
99209X178RUS,HARRIS
T6449O50RUS,HALL
9683EC178RUS,GUTIERREZ
Y353O8197RUS,PEREZ
O719MM163RUS,STEWART
7784KT197RUS,RICHARDSON
E535MM199RUS,WARD
H967HY161RUS,THOMPSON
Y352O8197RUS,RUIZ
7788KT197RUS,PETERSON
Y351O8197RUS,ADAMS
T479KX197RUS,PATEL
92788M178RUS,ROGERS
E807HE77RUS,HARRIS
7197TT36RUS,LOPEZ
M516CH161RUS,HARRIS
89587X197RUS,CARTER
7781KT197RUS,CARTER
E645TH36RUS,ROBINSON
Y302E877RUS,MOORE
M058XE36RUS,HOWARD
8166XX154RUS,STEWART
M589CH197RUS,RUIZ
H387TM197RUS,REYES
X015HY197RUS,GRAY
T769OT197RUS,ALVAREZ
9698MO178RUS,WATSON
8685HE154RUS,JACKSON
7177TT36RUS,LEE
O77997197RUS,WALKER
X242EC197RUS,FLORES
Y234E877RUS,PATEL
K357YE77RUS,JOHNSON
97987H178RUS,ADAMS
X257HE161RUS,WALKER
T399KX197RUS,ROSS
H957HY161RUS,NELSON
K379HY161RUS,FOSTER
T654HT96RUS,HILL
E41977152RUS,CAMPBELL
8439XX154RUS,REYES
7194TT36RUS,PHILLIPS
Y965EE197RUS,GONZALEZ
X758HY197RUS,COOK
9464EX178RUS,HERNANDEZ
M0279X197RUS,JOHNSON
H224X836RUS,NAME
E6849O154RUS,MORALES
Y273O8197RUS,GREEN
96907X197RUS,RODRIGUEZ
O83797197RUS,ADAMS
9402KK197RUS,RODRIGUEZ
7368C8197RUS,PATEL
Y194O8161RUS,HOWARD
H427YH197RUS,NELSON
9583EY178RUS,MILLER
K376HE161RUS,NAME
Y038E877RUS,ALVAREZ
9822H8161RUS,BENNETT
7826C8197RUS,HALL
9467EX178RUS,THOMAS
K846YE77RUS,MILLER
E160YX77RUS,WRIGHT
82337X197RUS,WATSON
X757HY197RUS,CAMPBELL
T195OK161RUS,WARD
K2807K154RUS,EVANS
T8008Y125RUS,KELLY
9463EX178RUS,JAMES
Y960EE197RUS,WATSON
7840C8197RUS,CASTILLO
7827C8197RUS,HILL
T394KX197RUS,WOOD
Y655E8750RUS,SANCHEZ
H003MH197RUS,TORRES
705787163RUS,GUTIERREZ
Y7699C197RUS,LONG
Y6829Y50RUS,ROGERS
Y8399C197RUS,THOMPSON
9135X938RUS,COX
H385TM197RUS,CLARK
9428EX178RUS,ALVAREZ
H837YK197RUS,GARCIA
O83597197RUS,KIM
E42577152RUS,CASTILLO
E53277152RUS,PATEL
98017H178RUS,PRICE
K329T8197RUS,MITCHELL
C476M7161RUS,RICHARDSON
9943KK197RUS,LOPEZ
9679EC178RUS,YOUNG
8165XX154RUS,ALVAREZ
T476KX197RUS,EDWARDS
C422X938RUS,BAILEY
K328T8197RUS,CARTER
9466EX178RUS,CRUZ
X256HE161RUS,WRIGHT
Y275O8197RUS,WOOD
H218X836RUS,JAMES
X255HE161RUS,CARTER
7370C8197RUS,NAME
M373CH197RUS,PRICE
O02397197RUS,YOUNG
H217X836RUS,KELLY
Y316E877RUS,PATEL
Y4298M777RUS,TORRES
O22297197RUS,SMITH
M741T9152RUS,ROSS
9883HX152RUS,CHAVEZ
H004MH197RUS,ROGERS
E53677152RUS,JONES
704987163RUS,EVANS
E316EH197RUS,ALLEN
T6419O50RUS,ROGERS
O02597197RUS,RIVERA
M6977E152RUS,GONZALEZ
9938OH154RUS,LOPEZ
Y778EE197RUS,SANDERS
7829C8197RUS,SANCHEZ
T272HH163RUS,TAYLOR
T018OX197RUS,TORRES
Y255E877RUS,ROSS
O753MX161RUS,RODRIGUEZ
9697MO178RUS,BENNETT
T686EO197RUS,WILSON
O017KO197RUS,KING
C590EY154RUS,CAMPBELL
T941CC96RUS,GUTIERREZ
O22397197RUS,EDWARDS
T020OX197RUS,PARKER
E33577152RUS,COOPER
E773EH197RUS,ADAMS
T6428M116RUS,PRICE
Y7129Y50RUS,MITCHELL
Y418EX197RUS,STEWART
Y7689C197RUS,DIAZ
X796TH96RUS,RICHARDSON
E52877152RUS,CARTER
7369C8197RUS,COLLINS
9409H7178RUS,ROBINSON
Y166O8161RUS,WRIGHT
705287163RUS,SANDERS
K559KC161RUS,JAMES
8164XX154RUS,REYES
84418C154RUS,HALL
Y965O8197RUS,COX
M256OH161RUS,PETERSON
8201XX154RUS,PETERSON
90159H178RUS,REYES
C798ET50RUS,NGUYEN
Y193O8161RUS,FOSTER
Y187O8161RUS,MITCHELL
E0697X152RUS,MORALES
H982HY161RUS,LEE
8610T8154RUS,GARCIA
E40877152RUS,PEREZ
K899T8197RUS,ADAMS
9941KK197RUS,THOMAS
Y356O8197RUS,RIVERA
T914CT197RUS,SMITH
O6939X163RUS,GREEN
Y7649C197RUS,RIVERA
M374CH197RUS,MITCHELL
704687163RUS,JACKSON
X523OM161RUS,HARRIS
T6559O50RUS,WOOD
96857X197RUS,RIVERA
M581CH197RUS,BAILEY
M302CH161RUS,ADAMS
O143HO197RUS,MORALES
K436MO152RUS,RAMOS
E5878M777RUS,WOOD
7147OE161RUS,ROBINSON
7844C8197RUS,DAVIS
C584EY154RUS,ROBINSON
H214X836RUS,WALKER
E28977161RUS,ALVAREZ
H908YK197RUS,MORALES
T016OX197RUS,JIMENEZ
H889YK197RUS,PARKER
7363C8197RUS,ROGERS
T6039O50RUS,HUGHES
7365C8197RUS,MITCHELL
Y967O8197RUS,MYERS
E816HE77RUS,ALVAREZ
T6329O50RUS,GONZALEZ
X504X8197RUS,REYES
9470EX178RUS,LEWIS
C412X938RUS,COOPER
7831C8197RUS,KIM
Y652O8197RUS,RAMIREZ
E53477152RUS,ADAMS
E822TH36RUS,LOPEZ
8437XX154RUS,GREEN
C515X938RUS,JACKSON
7172TT36RUS,SANDERS
8436XX154RUS,LEE
E79988152RUS,STEWART
8180XX154RUS,WILSON
84438C154RUS,LOPEZ
T6309O50RUS,EDWARDS
9594HY161RUS,ROBERTS
T6129O50RUS,TAYLOR
K339T8197RUS,MILLER
72457Y96RUS,RAMOS
Y7449Y50RUS,KIM
X782CO96RUS,COX
E591HE77RUS,MYERS
X760HY197RUS,MORGAN
O058M7161RUS,GRAY
H220X836RUS,WHITE
T913CT197RUS,GARCIA
T6439O50RUS,DIAZ
O752MX161RUS,MORRIS
9137X938RUS,EVANS
7064C8197RUS,MILLER
92828M178RUS,HERNANDEZ
Y650E8750RUS,CRUZ
8321XX154RUS,ROBERTS
8316XX154RUS,PRICE
T017OX197RUS,TAYLOR
H977HY161RUS,BAILEY
X522OM161RUS,ROSS
O085E8197RUS,HARRIS
705387163RUS,HALL
X4138H125RUS,TURNER
8441XX154RUS,COLLINS
M0269X197RUS,LOPEZ
T483CT96RUS,WOOD
T940CC96RUS,MITCHELL
C58078163RUS,GOMEZ
8611T8154RUS,HILL
C583EY154RUS,WARD
9942KK197RUS,HILL
704787163RUS,ANDERSON
C313MM99RUS,CAMPBELL
X763HY197RUS,FLORES
M386M9197RUS,FLORES
8605T8154RUS,ORTIZ
Y7379Y50RUS,MORALES
K326T8197RUS,ROBINSON
Y344E877RUS,ALLEN
Y359EY197RUS,BAKER
X759HY197RUS,MILLER
E552MO152RUS,THOMAS
9469EX178RUS,ORTIZ
Y6839Y50RUS,RUIZ
H237YH197RUS,TORRES
T948OM96RUS,WALKER
T395KX197RUS,KIM
M301CH161RUS,PHILLIPS
9496KX178RUS,EDWARDS
9488EY178RUS,BENNETT
T6319O50RUS,JONES
H305T8197RUS,GUTIERREZ
O64297197RUS,WATSON
9523M8178RUS,CLARK
T6229O50RUS,LONG
X023HY197RUS,KING
8226XX154RUS,YOUNG
Y038TO197RUS,BENNETT
M0289X197RUS,WATSON
E811HE77RUS,THOMAS
O785T9163RUS,WARD
X795O796RUS,THOMPSON
O39997197RUS,ROSS
97968K152RUS,COX
9943OH154RUS,CASTILLO
H219X836RUS,FLORES
T6169O50RUS,GARCIA
94178K154RUS,PETERSON
O78097197RUS,LONG
X5707X161RUS,GRAY
Y232E877RUS,REYES
Y388E877RUS,CAMPBELL
97998K152RUS,ADAMS
Y963O8197RUS,COOPER
T477KX197RUS,MURPHY
T2639T116RUS,WALKER
O49797197RUS,THOMPSON
708187163RUS,JACKSON
O68897197RUS,GRAY
E948C8152RUS,HALL
C514X938RUS,NGUYEN
C589EY154RUS,BENNETT
8607XX154RUS,LOPEZ
92778M178RUS,NAME
T288CT96RUS,THOMPSON
9886HX152RUS,MYERS
C592EY154RUS,STEWART
T6459O50RUS,REED
92898M178RUS,HOWARD
9671EC178RUS,RICHARDSON
M578CH197RUS,ROBERTS
Y207O8161RUS,GUTIERREZ
96659X178RUS,GRAY
T912CT197RUS,GARCIA
7183TT36RUS,CARTER
89557X197RUS,GRAY
K2817K154RUS,PRICE
E396MO152RUS,MURPHY
Y964O8197RUS,BAKER
E394MO152RUS,ORTIZ
O50699163RUS,WRIGHT
E33177152RUS,EVANS
K338T8197RUS,LEWIS
O22097197RUS,MARTIN
Y687HM197RUS,JAMES
98037H178RUS,COLLINS
7828C8197RUS,CAMPBELL
H980HY161RUS,SCOTT
Y305E877RUS,REED
8521XX154RUS,WARD
H906YK197RUS,COX
7199MT197RUS,BAILEY
X908XC197RUS,MOORE
T171CC96RUS,SANCHEZ
X4108H125RUS,BROOKS
Y966O8197RUS,RODRIGUEZ
K2797K154RUS,SANDERS
7089H8163RUS,NAME
7841C8197RUS,WRIGHT
9940KK197RUS,BENNETT
9028CO161RUS,GARCIA
H971HY161RUS,TORRES
T6359O50RUS,KIM
H844YH197RUS,ROSS
Y195O8161RUS,HALL
E33477152RUS,SMITH
Y156E877RUS,PARKER
9939KK197RUS,HARRIS
Y969O8197RUS,SCOTT
9502XX38RUS,SCOTT
T6249O50RUS,ALLEN
M372CH197RUS,RODRIGUEZ
K040CC197RUS,ROGERS
E41577152RUS,PATEL
9763HY161RUS,EDWARDS
T535ET96RUS,ALVAREZ
H961HY161RUS,LEWIS
M2169X197RUS,NAME
8234XX154RUS,WILLIAMS
9938KK197RUS,TAYLOR
C803KE163RUS,FLORES
E52677152RUS,PHILLIPS
8451M7154RUS,PRICE
9589EY178RUS,GREEN
H907YK197RUS,SMITH
O39897197RUS,MARTINEZ
M3879X197RUS,PRICE
H618YC38RUS,PARKER
C299K9154RUS,BAKER
9468EX178RUS,LEWIS
8224XX154RUS,NGUYEN
Y653E8750RUS,CHAVEZ
708487163RUS,GARCIA
K558KC161RUS,RODRIGUEZ
T242H8197RUS,BROWN
K27188138RUS,SCOTT
96629X178RUS,LEWIS
9881HX152RUS,ALLEN
M680T9152RUS,COLLINS
9068EM178RUS,MARTINEZ
C410X938RUS,KELLY
X762HY197RUS,RUIZ
9762HY161RUS,JOHNSON
H419XE197RUS,KING
Y780EE197RUS,RICHARDSON
M580CH197RUS,COLLINS
Y354O8197RUS,REYES
7065C8197RUS,ALLEN
E28777161RUS,HOWARD
M701T9152RUS,JIMENEZ
E577HE77RUS,ALVAREZ
9072EM178RUS,FLORES
C3829X154RUS,COLLINS
T478KX197RUS,FLORES
T119CT96RUS,TURNER
H983HY161RUS,LONG
7842C8197RUS,SMITH
O64097197RUS,DIAZ
Y693HM197RUS,MORRIS
O49897197RUS,MARTIN
H963X936RUS,BROWN
T341CC96RUS,BAILEY
9141H8178RUS,EDWARDS
9890HX152RUS,GRAY
C419X938RUS,WARD
M0319X197RUS,ROBERTS
M577CH197RUS,CAMPBELL
H975HY161RUS,PEREZ
X018HY197RUS,ANDERSON
9491H7178RUS,WOOD
96679X178RUS,FOSTER
9764HY161RUS,BAKER
Y656E8750RUS,MYERS
X320MK197RUS,WRIGHT
H235YH197RUS,JIMENEZ
9474EX178RUS,GREEN
Y8259C197RUS,CHAVEZ
E29577161RUS,LONG
T396KX197RUS,RIVERA
Y164O8161RUS,LEWIS
M942OT152RUS,LEE
Y7429Y50RUS,MURPHY
H976HY161RUS,TAYLOR
O669E8197RUS,RAMOS
7164YM36RUS,WARD
98047H178RUS,RAMIREZ
O481OH77RUS,MORRIS
Y274O8197RUS,FOSTER
E223YM197RUS,THOMAS
Y964EE197RUS,SANCHEZ
T6049O50RUS,BENNETT
H259HY161RUS,GUTIERREZ
K889HY161RUS,GRAY
O421OT161RUS,PRICE
7360C8197RUS,LEE
E29677161RUS,HARRIS
